letterId,number,year,recipient,requestCount,typeCode,typeName,collapsedPath,complexity,requestShare,serialRequest,firstRequestPosition,lastRequestPosition,postRequestContinuation,persuasionShare,informationShare,displayShare
001_1923_易培基,001,1923,易培基,2,D,连环请托型,DSP→INF→REQ,1.3862943611198906,0.4,1,0.75,1,0,0,0.4,0.2
002_1923_易培基,002,1923,易培基,3,D,连环请托型,INF→REQ→INF→REQ→DSP,1.791759469228055,0.42857142857142855,0.5,0.3333333333333333,0.8333333333333334,0.16666666666666666,0,0.42857142857142855,0.14285714285714285
005_1925_易培基,005,1925,易培基,2,D,连环请托型,INF→PRS→INF→PRS→INF→PRS→DSP→REQ→INF,2.302585092994046,0.125,1,0.6666666666666666,0.7333333333333333,0.26666666666666666,0.25,0.5625,0.0625
006_1925_易培基,006,1925,易培基,2,D,连环请托型,INF→REQ→INF,1.3862943611198906,0.4,1,0.5,0.75,0.25,0,0.6,0
009_1925_易培基,009,1925,易培基,2,B,论议收束型,INF→DSP→REQ→DSP→PRS→INF→REQ,2.0794415416798357,0.2,0,0.2222222222222222,1,0,0.2,0.4,0.2
010_1925_易培基,010,1925,易培基,1,C,先请后叙型,INF→REQ→INF→DSP→INF,1.791759469228055,0.14285714285714285,0,0.3333333333333333,0.3333333333333333,0.6666666666666666,0,0.7142857142857143,0.14285714285714285
013_1925_易培基,013,1925,易培基,1,A,先叙后请型,INF→DSP→REQ→INF→PRS,1.791759469228055,0.1,0,0.6666666666666666,0.6666666666666666,0.3333333333333333,0.2,0.6,0.1
016_1926_易培基,016,1926,易培基,1,A,先叙后请型,INF→DSP→INF→DSP→REQ→PRS,1.9459101490553132,0.08333333333333333,0,0.9090909090909091,0.9090909090909091,0.09090909090909091,0.08333333333333333,0.6666666666666666,0.16666666666666666
017_0_瞿良士,017,,瞿良士,2,B,论议收束型,INF→DSP→INF→REQ→PRS→INF→PRS→INF→REQ→DSP→INF→PRS,2.5649493574615367,0.09090909090909091,0,0.47619047619047616,0.8095238095238095,0.19047619047619047,0.18181818181818182,0.6363636363636364,0.09090909090909091
019_0_白岩龙平,019,,白岩龙平,3,B,论议收束型,INF→PRS→INF→DSP→PRS→INF→DSP→INF→REQ→INF→REQ→PRS→REQ,2.639057329615259,0.14285714285714285,0,0.8,1,0,0.2857142857142857,0.47619047619047616,0.09523809523809523
022_0_后藤朝太郎,022,,后藤朝太郎,1,B,论议收束型,INF→PRS→REQ,1.3862943611198906,0.1111111111111111,0,1,1,0,0.6666666666666666,0.2222222222222222,0
025_0_舒贻上,025,,舒贻上,1,C,先请后叙型,INF→PRS→REQ→PRS→DSP,1.791759469228055,0.125,0,0.2857142857142857,0.2857142857142857,0.7142857142857143,0.625,0.125,0.125
026_0_舒贻上,026,,舒贻上,1,B,论议收束型,PRS→REQ,1.0986122886681096,0.07692307692307693,0,1,1,0,0.9230769230769231,0,0
029_0_皮锡瑞,029,,皮锡瑞,2,C,先请后叙型,PRS→REQ→PRS→REQ→PRS,1.791759469228055,0.25,0,0.14285714285714285,0.42857142857142855,0.5714285714285714,0.75,0,0
031_0_段伯猷,031,,段伯猷,1,C,先请后叙型,INF→REQ→PRS→INF→PRS→DSP→INF→PRS→DSP→PRS→INF→PRS,2.5649493574615367,0.037037037037037035,0,0.038461538461538464,0.038461538461538464,0.9615384615384616,0.6666666666666666,0.2222222222222222,0.07407407407407407
032_0_罗大令,032,,罗敬则,1,B,论议收束型,INF→PRS→DSP→INF→PRS→INF→PRS→INF→REQ,2.302585092994046,0.058823529411764705,0,1,1,0,0.5294117647058824,0.35294117647058826,0.058823529411764705
034_1911_松崎鹤雄,034,1911,松崎鹤雄,2,C,先请后叙型,INF→REQ→INF→REQ→PRS→INF,1.9459101490553132,0.2222222222222222,0,0.25,0.625,0.375,0.1111111111111111,0.6666666666666666,0
035_1911_松崎鹤雄,035,1911,松崎鹤雄,1,C,先请后叙型,PRS→REQ→PRS→INF,1.6094379124341003,0.2,0,0.25,0.25,0.75,0.4,0.4,0
037_1911_松崎鹤雄,037,1911,松崎鹤雄,1,B,论议收束型,PRS→INF→PRS→INF→DSP→INF→PRS→DSP→INF→PRS→REQ→INF→PRS,2.639057329615259,0.05555555555555555,0,0.8823529411764706,0.8823529411764706,0.11764705882352941,0.3333333333333333,0.5,0.1111111111111111
039_1912_松崎鹤雄,039,1912,松崎鹤雄,2,B,论议收束型,INF→PRS→INF→REQ→PRS→DSP→PRS→REQ→PRS,2.302585092994046,0.13333333333333333,0,0.5,0.8571428571428571,0.14285714285714285,0.4,0.4,0.06666666666666667
040_0_松崎鹤雄,040,,松崎鹤雄,2,B,论议收束型,INF→PRS→INF→DSP→INF→PRS→REQ→PRS→INF→REQ→PRS→INF,2.5649493574615367,0.125,0,0.6666666666666666,0.8666666666666667,0.13333333333333333,0.375,0.4375,0.0625
042_1912_松崎鹤雄,042,1912,松崎鹤雄,1,C,先请后叙型,INF→DSP→INF→PRS→REQ→INF→DSP→PRS→INF→PRS→INF→PRS→INF,2.639057329615259,0.045454545454545456,0,0.2857142857142857,0.2857142857142857,0.7142857142857143,0.3181818181818182,0.5454545454545454,0.09090909090909091
044_1912_松崎鹤雄,044,1912,松崎鹤雄,1,B,论议收束型,INF→PRS→INF→PRS→INF→PRS→INF→NEG→INF→REQ,2.3978952727983707,0.07692307692307693,0,1,1,0,0.3076923076923077,0.5384615384615384,0
045_1912_松崎鹤雄,045,1912,松崎鹤雄,2,C,先请后叙型,INF→REQ→INF→PRS→INF→REQ→PRS→INF,2.1972245773362196,0.15384615384615385,0,0.08333333333333333,0.6666666666666666,0.3333333333333333,0.3076923076923077,0.5384615384615384,0
046_1913_松崎鹤雄,046,1913,松崎鹤雄,1,A,先叙后请型,INF→PRS→INF→REQ→PRS,1.791759469228055,0.09090909090909091,0,0.9,0.9,0.1,0.18181818181818182,0.7272727272727273,0
047_1913_松崎鹤雄,047,1913,松崎鹤雄,1,A,先叙后请型,INF→PRS→DSP→INF→REQ→INF,1.9459101490553132,0.09090909090909091,0,0.9,0.9,0.1,0.09090909090909091,0.6363636363636364,0.18181818181818182
049_1913_松崎鹤雄,049,1913,松崎鹤雄,1,C,先请后叙型,INF→REQ→INF→PRS→INF,1.791759469228055,0.09090909090909091,0,0.3,0.3,0.7,0.09090909090909091,0.8181818181818182,0
050_1913_松崎鹤雄,050,1913,松崎鹤雄,1,B,论议收束型,PRS→DSP→PRS→REQ→INF,1.791759469228055,0.16666666666666666,0,0.6,0.6,0.4,0.3333333333333333,0.3333333333333333,0.16666666666666666
052_1913_松崎鹤雄,052,1913,松崎鹤雄,1,A,先叙后请型,INF→PRS→INF→PRS→INF→REQ→INF,2.0794415416798357,0.07142857142857142,0,0.8461538461538461,0.8461538461538461,0.15384615384615385,0.21428571428571427,0.7142857142857143,0
054_1914_松崎鹤雄,054,1914,松崎鹤雄,1,B,论议收束型,INF→PRS→DSP→PRS→INF→REQ→INF,2.0794415416798357,0.14285714285714285,0,0.8333333333333334,0.8333333333333334,0.16666666666666666,0.2857142857142857,0.42857142857142855,0.14285714285714285
055_0_松崎鹤雄,055,,松崎鹤雄,1,A,先叙后请型,INF→REQ→INF,1.3862943611198906,0.25,0,0.6666666666666666,0.6666666666666666,0.3333333333333333,0,0.75,0
056_0_松崎鹤雄,056,,松崎鹤雄,1,C,先请后叙型,INF→REQ→INF,1.3862943611198906,0.2,0,0.25,0.25,0.75,0,0.8,0
060_0_松崎鹤雄,060,,松崎鹤雄,1,A,先叙后请型,INF→PRS→INF→REQ→INF,1.791759469228055,0.14285714285714285,0,0.8333333333333334,0.8333333333333334,0.16666666666666666,0.14285714285714285,0.7142857142857143,0
065_1914_松崎鹤雄,065,1914,松崎鹤雄,1,C,先请后叙型,INF→REQ→INF,1.3862943611198906,0.3333333333333333,0,0.5,0.5,0.5,0,0.6666666666666666,0
067_0_松崎鹤雄,067,,松崎鹤雄,1,A,先叙后请型,INF→PRS→INF→REQ,1.6094379124341003,0.25,0,1,1,0,0.25,0.5,0
068_0_松崎鹤雄,068,,松崎鹤雄,1,A,先叙后请型,INF→REQ→INF,1.3862943611198906,0.25,0,0.6666666666666666,0.6666666666666666,0.3333333333333333,0,0.75,0
070_0_松崎鹤雄,070,,松崎鹤雄,2,D,连环请托型,INF→PRS→REQ→INF,1.6094379124341003,0.2857142857142857,1,0.6666666666666666,0.8333333333333334,0.16666666666666666,0.14285714285714285,0.5714285714285714,0
073_1916_松崎鹤雄,073,1916,松崎鹤雄,1,B,论议收束型,INF→DSP→INF→DSP→PRS→INF→DSP→PRS→INF→DSP→PRS→INF→REQ,2.639057329615259,0.05,0,1,1,0,0.2,0.5,0.25
075_1916_松崎鹤雄,075,1916,松崎鹤雄,4,B,论议收束型,INF→PRS→INF→PRS→INF→PRS→INF→PRS→INF→PRS→REQ→PRS→DSP→INF→REQ→PRS→INF→REQ→INF,2.995732273553991,0.14285714285714285,0.3333333333333333,0.5925925925925926,0.9629629629629629,0.037037037037037035,0.35714285714285715,0.4642857142857143,0.03571428571428571
076_1916_松崎鹤雄,076,1916,松崎鹤雄,1,A,先叙后请型,INF→PRS→INF→PRS→INF→REQ,1.9459101490553132,0.09090909090909091,0,1,1,0,0.18181818181818182,0.7272727272727273,0
077_1916_松崎鹤雄,077,1916,松崎鹤雄,2,B,论议收束型,INF→PRS→INF→PRS→INF→PRS→INF→DSP→INF→REQ→INF→REQ,2.5649493574615367,0.1,0,0.7894736842105263,1,0,0.2,0.65,0.05
078_1916_松崎鹤雄,078,1916,松崎鹤雄,2,C,先请后叙型,INF→REQ→PRS→REQ→INF→DSP→INF,2.0794415416798357,0.15384615384615385,0,0.08333333333333333,0.25,0.75,0.07692307692307693,0.6923076923076923,0.07692307692307693
079_1916_松崎鹤雄,079,1916,松崎鹤雄,3,A,先叙后请型,INF→REQ→INF→REQ→INF→REQ,1.9459101490553132,0.21428571428571427,0,0.23076923076923078,1,0,0,0.7857142857142857,0
081_1916_松崎鹤雄,081,1916,松崎鹤雄,1,B,论议收束型,INF→PRS→INF→PRS→REQ,1.791759469228055,0.16666666666666666,0,1,1,0,0.3333333333333333,0.5,0
088_1917_松崎鹤雄,088,1917,松崎鹤雄,1,C,先请后叙型,INF→PRS→INF→REQ→INF→PRS→INF→PRS→INF→PRS→INF→PRS,2.5649493574615367,0.0625,0,0.2,0.2,0.8,0.375,0.5625,0
091_1917_松崎鹤雄,091,1917,松崎鹤雄,1,A,先叙后请型,INF→DSP→INF→REQ→INF→PRS→INF,2.0794415416798357,0.1111111111111111,0,0.625,0.625,0.375,0.1111111111111111,0.6666666666666666,0.1111111111111111
092_1917_松崎鹤雄,092,1917,松崎鹤雄,1,C,先请后叙型,INF→REQ→INF→PRS→DSP,1.791759469228055,0.1111111111111111,0,0.375,0.375,0.625,0.1111111111111111,0.6666666666666666,0.1111111111111111
094_1917_松崎鹤雄,094,1917,松崎鹤雄,1,C,先请后叙型,INF→PRS→INF→DSP→PRS→DSP→INF→REQ→PRS→INF→PRS→INF→PRS→INF→PRS→INF→PRS→INF,2.9444389791664403,0.037037037037037035,0,0.4230769230769231,0.4230769230769231,0.5769230769230769,0.3333333333333333,0.5185185185185185,0.1111111111111111
095_1917_松崎鹤雄,095,1917,松崎鹤雄,1,A,先叙后请型,INF→REQ→INF,1.3862943611198906,0.045454545454545456,0,0.9047619047619048,0.9047619047619048,0.09523809523809523,0,0.9545454545454546,0
096_1917_松崎鹤雄,096,1917,松崎鹤雄,1,A,先叙后请型,INF→REQ,1.0986122886681096,0.2,0,1,1,0,0,0.8,0
097_1917_松崎鹤雄,097,1917,松崎鹤雄,1,A,先叙后请型,INF→REQ→INF→PRS→INF,1.791759469228055,0.08333333333333333,0,0.6363636363636364,0.6363636363636364,0.36363636363636365,0.08333333333333333,0.8333333333333334,0
098_1917_松崎鹤雄,098,1917,松崎鹤雄,1,C,先请后叙型,INF→PRS→REQ→PRS→INF,1.791759469228055,0.09090909090909091,0,0.2,0.2,0.8,0.18181818181818182,0.7272727272727273,0
099_1917_松崎鹤雄,099,1917,松崎鹤雄,2,B,论议收束型,INF→PRS→INF→PRS→INF→DSP→PRS→REQ→PRS→INF→REQ,2.4849066497880004,0.15384615384615385,0,0.75,1,0,0.3076923076923077,0.46153846153846156,0.07692307692307693
100_1917_松崎鹤雄,100,1917,松崎鹤雄,1,A,先叙后请型,INF→PRS→INF→PRS→INF→REQ→INF,2.0794415416798357,0.09090909090909091,0,0.9,0.9,0.1,0.18181818181818182,0.7272727272727273,0
101_1917_松崎鹤雄,101,1917,松崎鹤雄,4,D,连环请托型,INF→PRS→INF→REQ→INF→PRS→REQ,2.0794415416798357,0.21052631578947367,0.6666666666666666,0.7222222222222222,1,0,0.15789473684210525,0.631578947368421,0
103_1918_松崎鹤雄,103,1918,松崎鹤雄,1,C,先请后叙型,INF→REQ→INF→PRS→INF,1.791759469228055,0.09090909090909091,0,0.2,0.2,0.8,0.09090909090909091,0.8181818181818182,0
105_1918_松崎鹤雄,105,1918,松崎鹤雄,2,B,论议收束型,INF→REQ→INF→PRS→INF→DSP→INF→REQ→PRS,2.302585092994046,0.15384615384615385,0,0.08333333333333333,0.8333333333333334,0.16666666666666666,0.23076923076923078,0.5384615384615384,0.07692307692307693
106_0_松崎鹤雄,106,,松崎鹤雄,1,B,论议收束型,INF→PRS→INF→PRS→INF→PRS→REQ,2.0794415416798357,0.125,0,1,1,0,0.375,0.5,0
107_1918_松崎鹤雄,107,1918,松崎鹤雄,1,A,先叙后请型,INF→PRS→INF→PRS→INF→DSP→INF→REQ→INF→PRS→INF,2.4849066497880004,0.05,0,0.6842105263157895,0.6842105263157895,0.3157894736842105,0.2,0.7,0.05
108_1918_松崎鹤雄,108,1918,松崎鹤雄,1,A,先叙后请型,INF→PRS→INF→PRS→INF→PRS→REQ→INF→PRS,2.302585092994046,0.0625,0,0.8,0.8,0.2,0.4375,0.5,0
109_1918_松崎鹤雄,109,1918,松崎鹤雄,8,B,论议收束型,INF→PRS→INF→PRS→INF→PRS→INF→DSP→PRS→REQ→INF→REQ→INF→DSP→REQ→INF→PRS→INF→PRS→INF→REQ,3.091042453358316,0.2222222222222222,0.5714285714285714,0.45714285714285713,1,0,0.3055555555555556,0.4166666666666667,0.05555555555555555
113_1919_松崎鹤雄,113,1919,松崎鹤雄,1,C,先请后叙型,INF→PRS→INF→DSP→INF→PRS→REQ→INF→PRS→DSP→NEG→INF→PRS→DSP→INF,2.772588722239781,0.043478260869565216,0,0.5454545454545454,0.5454545454545454,0.45454545454545453,0.17391304347826086,0.6086956521739131,0.13043478260869565
120_1920_松崎鹤雄,120,1920,松崎鹤雄,2,D,连环请托型,INF→REQ→INF,1.3862943611198906,0.2857142857142857,1,0.6666666666666666,0.8333333333333334,0.16666666666666666,0,0.7142857142857143,0
121_1920_松崎鹤雄,121,1920,松崎鹤雄,1,A,先叙后请型,INF→PRS→INF→PRS→INF→PRS→INF→REQ→INF,2.302585092994046,0.08333333333333333,0,0.8181818181818182,0.8181818181818182,0.18181818181818182,0.25,0.6666666666666666,0
122_1920_松崎鹤雄,122,1920,松崎鹤雄,2,C,先请后叙型,INF→REQ→INF,1.3862943611198906,0.2,1,0.2222222222222222,0.3333333333333333,0.6666666666666666,0,0.8,0
124_1920_松崎鹤雄,124,1920,松崎鹤雄,1,C,先请后叙型,INF→REQ→INF→DSP→INF→DSP→INF,2.0794415416798357,0.07142857142857142,0,0.07692307692307693,0.07692307692307693,0.9230769230769231,0,0.7857142857142857,0.14285714285714285
126_1920_松崎鹤雄,126,1920,松崎鹤雄,2,A,先叙后请型,INF→PRS→REQ→INF→REQ,1.791759469228055,0.2857142857142857,0,0.3333333333333333,1,0,0.14285714285714285,0.5714285714285714,0
127_1920_松崎鹤雄,127,1920,松崎鹤雄,1,B,论议收束型,INF→PRS→INF→PRS→INF→PRS→INF→PRS→INF→PRS→INF→DSP→INF→REQ→INF,2.772588722239781,0.043478260869565216,0,0.8181818181818182,0.8181818181818182,0.18181818181818182,0.30434782608695654,0.6086956521739131,0.043478260869565216
128_1920_松崎鹤雄,128,1920,松崎鹤雄,1,C,先请后叙型,INF→PRS→REQ→PRS→INF,1.791759469228055,0.06666666666666667,0,0.5714285714285714,0.5714285714285714,0.42857142857142855,0.4666666666666667,0.4666666666666667,0
130_0_石醉六,130,,石醉六,1,C,先请后叙型,INF→DSP→PRS→REQ→PRS,1.791759469228055,0.09090909090909091,0,0.5,0.5,0.5,0.7272727272727273,0.09090909090909091,0.09090909090909091
131_0_刘先端、黄郁文,131,,刘先端、黄郁文,8,B,论议收束型,INF→REQ→PRS→REQ→PRS→REQ→PRS→REQ→PRS→REQ→INF→REQ→INF,2.639057329615259,0.42105263157894735,0.2857142857142857,0.05555555555555555,0.9444444444444444,0.05555555555555555,0.42105263157894735,0.15789473684210525,0
132_0_皮锡瑞,132,,皮鹿门,3,B,论议收束型,PRS→REQ→PRS→REQ→PRS→INF→PRS→INF→REQ→PRS→INF→PRS,2.5649493574615367,0.16666666666666666,0,0.058823529411764705,0.7058823529411765,0.29411764705882354,0.6666666666666666,0.16666666666666666,0
135_0_俞恪士,135,,俞恪士,2,A,先叙后请型,INF→PRS→REQ→PRS→REQ→PRS,1.9459101490553132,0.15384615384615385,0,0.5,0.75,0.25,0.7692307692307693,0.07692307692307693,0
136_1906_缪荃孙,136,1906,缪荃孙,1,B,论议收束型,INF→PRS→INF→REQ,1.6094379124341003,0.125,0,1,1,0,0.375,0.5,0
137_1907_缪荃孙,137,1907,缪荃孙,1,A,先叙后请型,PRS→INF→PRS→INF→REQ→INF→DSP,2.0794415416798357,0.07142857142857142,0,0.8461538461538461,0.8461538461538461,0.15384615384615385,0.14285714285714285,0.7142857142857143,0.07142857142857142
138_1907_缪荃孙,138,1907,缪荃孙,1,A,先叙后请型,INF→DSP→INF→REQ→DSP,1.791759469228055,0.2,0,0.75,0.75,0.25,0,0.4,0.4
139_1907_缪荃孙,139,1907,缪荃孙,2,D,连环请托型,INF→DSP→INF→PRS→INF→REQ,1.9459101490553132,0.25,1,0.8571428571428571,1,0,0.125,0.5,0.125
140_1907_缪荃孙,140,1907,缪荃孙,2,D,连环请托型,INF→REQ→PRS→DSP,1.6094379124341003,0.2857142857142857,1,0.5,0.6666666666666666,0.3333333333333333,0.14285714285714285,0.42857142857142855,0.14285714285714285
141_1908_缪荃孙,141,1908,缪荃孙,2,B,论议收束型,INF→PRS→DSP→PRS→INF→REQ→PRS→INF→PRS→INF→PRS→INF→REQ,2.639057329615259,0.13333333333333333,0,0.42857142857142855,1,0,0.3333333333333333,0.4666666666666667,0.06666666666666667
143_1908_缪荃孙,143,1908,缪荃孙,1,A,先叙后请型,INF→PRS→REQ→INF,1.6094379124341003,0.25,0,0.6666666666666666,0.6666666666666666,0.3333333333333333,0.25,0.5,0
144_1908_缪荃孙,144,1908,缪荃孙,1,A,先叙后请型,INF→PRS→REQ,1.3862943611198906,0.14285714285714285,0,1,1,0,0.14285714285714285,0.7142857142857143,0
145_1909_缪荃孙,145,1909,缪荃孙,3,B,论议收束型,INF→PRS→INF→REQ→INF→REQ→INF→PRS→INF→REQ→INF,2.4849066497880004,0.17647058823529413,0,0.3125,0.9375,0.0625,0.17647058823529413,0.6470588235294118,0
146_1909_缪荃孙,146,1909,缪荃孙,1,C,先请后叙型,INF→DSP→INF→REQ→INF→PRS→DSP→INF→PRS→INF→PRS→INF,2.5649493574615367,0.06666666666666667,0,0.21428571428571427,0.21428571428571427,0.7857142857142857,0.26666666666666666,0.5333333333333333,0.13333333333333333
147_1909_缪荃孙,147,1909,缪荃孙,1,A,先叙后请型,INF→PRS→INF→PRS→REQ→INF→PRS,2.0794415416798357,0.07142857142857142,0,0.6153846153846154,0.6153846153846154,0.38461538461538464,0.35714285714285715,0.5714285714285714,0
148_0_缪荃孙,148,,缪荃孙,3,B,论议收束型,INF→REQ→INF→DSP→INF→PRS→DSP→INF→REQ→DSP→PRS→INF→REQ→INF,2.70805020110221,0.15,0,0.10526315789473684,0.9473684210526315,0.05263157894736842,0.1,0.6,0.15
149_1910_缪荃孙,149,1910,缪荃孙,5,B,论议收束型,INF→REQ→INF→PRS→INF→REQ→INF→REQ→INF→REQ,2.3978952727983707,0.2631578947368421,0.25,0.1111111111111111,1,0,0.05263157894736842,0.6842105263157895,0
150_1910_缪荃孙,150,1910,缪荃孙,2,A,先叙后请型,INF→PRS→INF→REQ→INF→REQ→INF,2.0794415416798357,0.18181818181818182,0,0.4,0.9,0.1,0.09090909090909091,0.7272727272727273,0
151_0_缪荃孙,151,,缪荃孙,3,D,连环请托型,INF→REQ→INF→NEG→INF→REQ→INF→PRS,2.1972245773362196,0.3333333333333333,0.5,0.125,0.75,0.25,0.1111111111111111,0.4444444444444444,0
152_1911_缪荃孙,152,1911,缪荃孙,2,A,先叙后请型,PRS→INF→DSP→PRS→REQ→INF→REQ→INF→PRS→INF,2.3978952727983707,0.09523809523809523,0,0.55,0.65,0.35,0.23809523809523808,0.6190476190476191,0.047619047619047616
153_1911_缪荃孙,153,1911,缪荃孙,1,A,先叙后请型,INF→NEG→INF→REQ→INF→PRS,1.9459101490553132,0.1111111111111111,0,0.75,0.75,0.25,0.1111111111111111,0.6666666666666666,0
154_1911_缪荃孙,154,1911,缪荃孙,1,B,论议收束型,INF→DSP→PRS→INF→PRS→INF→PRS→INF→REQ→INF,2.3978952727983707,0.09090909090909091,0,0.9,0.9,0.1,0.2727272727272727,0.5454545454545454,0.09090909090909091
156_0_缪荃孙,156,,缪荃孙,2,B,论议收束型,INF→DSP→INF→PRS→INF→PRS→INF→PRS→REQ→INF→PRS→INF→PRS→REQ→PRS,2.772588722239781,0.07407407407407407,0,0.5769230769230769,0.9615384615384616,0.038461538461538464,0.2962962962962963,0.5925925925925926,0.037037037037037035
157_0_缪荃孙,157,,缪荃孙,1,A,先叙后请型,INF→REQ,1.0986122886681096,0.3333333333333333,0,1,1,0,0,0.6666666666666666,0
158_0_缪荃孙,158,,缪荃孙,1,A,先叙后请型,INF→REQ→INF,1.3862943611198906,0.25,0,0.6666666666666666,0.6666666666666666,0.3333333333333333,0,0.75,0
159_0_缪荃孙,159,,缪荃孙,2,B,论议收束型,INF→DSP→INF→PRS→REQ→INF→REQ,2.0794415416798357,0.2,0,0.7777777777777778,1,0,0.1,0.6,0.1
160_0_缪荃孙,160,,缪荃孙,4,D,连环请托型,PRS→INF→REQ→DSP,1.6094379124341003,0.5,1,0.42857142857142855,0.8571428571428571,0.14285714285714285,0.125,0.25,0.125
161_0_缪荃孙,161,,缪荃孙,1,A,先叙后请型,DSP→PRS→DSP→INF→REQ→INF,1.9459101490553132,0.125,0,0.8571428571428571,0.8571428571428571,0.14285714285714285,0.125,0.5,0.25
162_1913_缪荃孙,162,1913,缪荃孙,1,C,先请后叙型,INF→REQ→INF→PRS→INF→PRS,1.9459101490553132,0.09090909090909091,0,0.2,0.2,0.8,0.18181818181818182,0.7272727272727273,0
167_1913_缪荃孙,167,1913,缪荃孙,2,A,先叙后请型,INF→REQ→INF→REQ→INF,1.791759469228055,0.25,0,0.5714285714285714,0.8571428571428571,0.14285714285714285,0,0.75,0
168_0_缪荃孙,168,,缪荃孙,3,A,先叙后请型,INF→REQ→INF→REQ→PRS→REQ,1.9459101490553132,0.3333333333333333,0,0.5,1,0,0.1111111111111111,0.5555555555555556,0
172_1914_缪荃孙,172,1914,缪荃孙,1,A,先叙后请型,INF→PRS→INF→PRS→INF→PRS→INF→REQ→PRS,2.302585092994046,0.05555555555555555,0,0.9411764705882353,0.9411764705882353,0.058823529411764705,0.2777777777777778,0.6666666666666666,0
173_1914_缪荃孙,173,1914,缪荃孙,2,A,先叙后请型,INF→REQ→PRS→DSP→REQ→INF,1.9459101490553132,0.3333333333333333,0,0.2,0.8,0.2,0.16666666666666666,0.3333333333333333,0.16666666666666666
175_0_缪荃孙,175,,缪荃孙,3,B,论议收束型,INF→PRS→INF→PRS→INF→REQ→INF→REQ,2.1972245773362196,0.15789473684210525,0.5,0.6666666666666666,1,0,0.21052631578947367,0.631578947368421,0
176_1916_缪荃孙,176,1916,缪荃孙,2,D,连环请托型,INF→DSP→INF→PRS→INF→PRS→INF→DSP→INF→REQ→DSP→INF,2.5649493574615367,0.11764705882352941,1,0.75,0.8125,0.1875,0.11764705882352941,0.5882352941176471,0.17647058823529413
178_1916_缪荃孙,178,1916,缪荃孙,2,C,先请后叙型,PRS→REQ→PRS→REQ→PRS→INF→PRS→INF,2.1972245773362196,0.16666666666666666,0,0.09090909090909091,0.2727272727272727,0.7272727272727273,0.3333333333333333,0.5,0
179_1917_缪荃孙,179,1917,缪荃孙,1,A,先叙后请型,INF→PRS→INF→PRS→INF→REQ→INF,2.0794415416798357,0.06666666666666667,0,0.6428571428571429,0.6428571428571429,0.35714285714285715,0.2,0.7333333333333333,0
180_1917_缪荃孙,180,1917,缪荃孙,3,B,论议收束型,INF→PRS→INF→REQ→PRS→INF→PRS→INF→REQ→INF→DSP→INF→REQ→INF,2.70805020110221,0.15789473684210525,0,0.2222222222222222,0.9444444444444444,0.05555555555555555,0.21052631578947367,0.5789473684210527,0.05263157894736842
182_1917_缪荃孙,182,1917,缪荃孙,1,B,论议收束型,INF→PRS→INF→PRS→INF→REQ,1.9459101490553132,0.16666666666666666,0,1,1,0,0.3333333333333333,0.5,0
187_1919_夏敬观,187,1919,夏敬观,1,A,先叙后请型,INF→DSP→PRS→INF→REQ→INF,1.9459101490553132,0.1,0,0.7777777777777778,0.7777777777777778,0.2222222222222222,0.1,0.7,0.1
188_1919_夏敬观,188,1919,夏敬观,2,A,先叙后请型,INF→REQ→INF→PRS→INF→REQ,1.9459101490553132,0.16666666666666666,0,0.45454545454545453,1,0,0.08333333333333333,0.75,0
189_1919_夏敬观,189,1919,夏敬观,3,B,论议收束型,INF→DSP→PRS→REQ→PRS→REQ→PRS→INF→PRS→REQ→INF→PRS,2.5649493574615367,0.12,0,0.20833333333333334,0.875,0.125,0.56,0.28,0.04
190_1919_夏敬观,190,1919,夏敬观,1,C,先请后叙型,DSP→INF→REQ→INF→DSP,1.791759469228055,0.2,0,0.5,0.5,0.5,0,0.4,0.4
191_1919_夏敬观,191,1919,夏敬观,3,B,论议收束型,INF→PRS→INF→PRS→DSP→INF→PRS→REQ→INF→REQ→INF,2.4849066497880004,0.16666666666666666,0.5,0.7058823529411765,0.9411764705882353,0.058823529411764705,0.2222222222222222,0.5555555555555556,0.05555555555555555
194_1919_夏敬观,194,1919,夏敬观,6,B,论议收束型,INF→PRS→REQ→PRS→REQ→DSP→REQ→PRS→INF→REQ→PRS→REQ→INF→PRS→REQ→INF→DSP→INF,2.9444389791664403,0.25,0,0.17391304347826086,0.7391304347826086,0.2608695652173913,0.2916666666666667,0.375,0.08333333333333333
195_1919_夏敬观,195,1919,夏敬观,1,C,先请后叙型,INF→REQ→DSP→INF→PRS→INF,1.9459101490553132,0.0625,0,0.3333333333333333,0.3333333333333333,0.6666666666666666,0.0625,0.8125,0.0625
196_1919_夏敬观,196,1919,夏敬观,3,B,论议收束型,INF→PRS→REQ→PRS→INF→PRS→REQ→PRS→REQ→PRS→INF,2.4849066497880004,0.15,0,0.21052631578947367,0.7894736842105263,0.21052631578947367,0.4,0.45,0
197_1919_夏敬观,197,1919,夏敬观,2,B,论议收束型,INF→DSP→INF→PRS→INF→DSP→PRS→INF→PRS→REQ→INF→REQ→PRS,2.639057329615259,0.13333333333333333,0,0.7857142857142857,0.9285714285714286,0.07142857142857142,0.3333333333333333,0.4,0.13333333333333333
198_1919_夏敬观,198,1919,夏敬观,1,B,论议收束型,INF→PRS→INF→PRS→INF→DSP→PRS→DSP→PRS→DSP→INF→REQ→INF,2.639057329615259,0.058823529411764705,0,0.8125,0.8125,0.1875,0.29411764705882354,0.47058823529411764,0.17647058823529413
199_1919_夏敬观,199,1919,夏敬观,1,A,先叙后请型,INF→PRS→REQ→DSP,1.6094379124341003,0.16666666666666666,0,0.8,0.8,0.2,0.3333333333333333,0.3333333333333333,0.16666666666666666
200_1903_吴庆坻,200,1903,吴庆坻,1,B,论议收束型,INF→DSP→REQ,1.3862943611198906,0.3333333333333333,0,1,1,0,0,0.3333333333333333,0.3333333333333333
201_1904_吴庆坻,201,1904,吴庆坻,2,B,论议收束型,INF→DSP→INF→PRS→INF→DSP→INF→DSP→INF→DSP→INF→REQ→INF→REQ→INF,2.772588722239781,0.1,0,0.7894736842105263,0.9473684210526315,0.05263157894736842,0.05,0.65,0.2
203_1906_吴庆坻,203,1906,吴庆坻,1,B,论议收束型,INF→DSP→INF→PRS→INF→PRS→INF→DSP→REQ,2.302585092994046,0.07692307692307693,0,1,1,0,0.15384615384615385,0.6153846153846154,0.15384615384615385
207_1908_吴庆坻,207,1908,吴庆坻,2,B,论议收束型,INF→DSP→INF→REQ→PRS→REQ,1.9459101490553132,0.2857142857142857,0,0.6666666666666666,1,0,0.14285714285714285,0.42857142857142855,0.14285714285714285
209_1908_吴庆坻,209,1908,吴庆坻,1,C,先请后叙型,INF→REQ→INF,1.3862943611198906,0.125,0,0.5714285714285714,0.5714285714285714,0.42857142857142855,0,0.875,0
211_1917_刘承干,211,1917,刘承干,1,A,先叙后请型,INF→PRS→INF→PRS→INF→REQ→INF,2.0794415416798357,0.09090909090909091,0,0.9,0.9,0.1,0.18181818181818182,0.7272727272727273,0
212_1917_刘承干,212,1917,刘承干,1,C,先请后叙型,INF→REQ→INF→PRS,1.6094379124341003,0.16666666666666666,0,0.4,0.4,0.6,0.16666666666666666,0.6666666666666666,0
218_1919_刘承干,218,1919,刘承干,3,D,连环请托型,INF→PRS→INF→PRS→INF→REQ,1.9459101490553132,0.3333333333333333,1,0.75,1,0,0.2222222222222222,0.4444444444444444,0
219_1896_叶昌炽,219,1896,叶昌炽,1,A,先叙后请型,INF→REQ,1.0986122886681096,0.125,0,1,1,0,0,0.875,0
220_1896_叶昌炽,220,1896,叶昌炽,3,D,连环请托型,INF→REQ→INF→DSP→REQ→INF,1.9459101490553132,0.42857142857142855,0.5,0.16666666666666666,0.8333333333333334,0.16666666666666666,0,0.42857142857142855,0.14285714285714285
221_1897_叶昌炽,221,1897,叶昌炽,3,B,论议收束型,INF→PRS→INF→REQ→INF→REQ→PRS→INF→PRS→REQ→INF,2.4849066497880004,0.17647058823529413,0,0.5,0.9375,0.0625,0.47058823529411764,0.35294117647058826,0
223_0_叶昌炽,223,,叶昌炽,2,A,先叙后请型,INF→REQ→INF→REQ→INF,1.791759469228055,0.4,0,0.25,0.75,0.25,0,0.6,0
224_1919_瞿启甲,224,1919,瞿启甲,2,A,先叙后请型,INF→PRS→INF→PRS→INF→REQ→INF→REQ→DSP→PRS,2.3978952727983707,0.1,0,0.6842105263157895,0.8421052631578947,0.15789473684210525,0.2,0.65,0.05
225_1919_瞿启甲,225,1919,瞿启甲,1,C,先请后叙型,INF→PRS→INF→PRS→INF→REQ→INF→PRS→INF,2.302585092994046,0.06666666666666667,0,0.42857142857142855,0.42857142857142855,0.5714285714285714,0.26666666666666666,0.6666666666666666,0
226_1921_瞿启甲,226,1921,瞿启甲,2,B,论议收束型,INF→REQ→PRS→INF→PRS→INF→REQ,2.0794415416798357,0.16666666666666666,0,0.09090909090909091,1,0,0.3333333333333333,0.5,0
227_0_钱康荣,227,,钱康荣,2,D,连环请托型,INF→PRS→INF→PRS→INF→PRS→INF→PRS→REQ→PRS→INF→PRS→INF,2.639057329615259,0.08,1,0.7083333333333334,0.75,0.25,0.28,0.64,0
228_1894_钱康荣,228,1894,钱康荣,1,C,先请后叙型,INF→REQ→INF→PRS→INF,1.791759469228055,0.06666666666666667,0,0.5714285714285714,0.5714285714285714,0.42857142857142855,0.06666666666666667,0.8666666666666667,0
229_1897_熊希龄,229,1897,熊希龄,1,B,论议收束型,INF→PRS→INF→PRS→INF→PRS→INF→PRS→INF→REQ→PRS→INF→PRS→INF→PRS,2.772588722239781,0.034482758620689655,0,0.7857142857142857,0.7857142857142857,0.21428571428571427,0.41379310344827586,0.5517241379310345,0
230_1912_俞廉三,230,1912,俞廉三,2,D,连环请托型,INF→PRS→DSP→INF→PRS→INF→PRS→REQ→INF,2.302585092994046,0.08695652173913043,1,0.9090909090909091,0.9545454545454546,0.045454545454545456,0.17391304347826086,0.6956521739130435,0.043478260869565216
233_1920_严家炽,233,1920,严家炽,2,B,论议收束型,INF→PRS→INF→DSP→INF→REQ→INF→REQ→INF→PRS→INF→PRS,2.5649493574615367,0.15384615384615385,0,0.5,0.6666666666666666,0.3333333333333333,0.23076923076923078,0.5384615384615384,0.07692307692307693
235_1922_劭章,235,1922,劭章,1,A,先叙后请型,INF→PRS→INF→REQ→INF,1.791759469228055,0.08333333333333333,0,0.9090909090909091,0.9090909090909091,0.09090909090909091,0.08333333333333333,0.8333333333333334,0
236_1924_曹献廷,236,1924,曹献廷,2,A,先叙后请型,INF→REQ→INF→DSP→REQ→INF,1.9459101490553132,0.13333333333333333,0,0.5714285714285714,0.8571428571428571,0.14285714285714285,0,0.8,0.06666666666666667
238_0_孙毓修,238,,孙毓修,1,C,先请后叙型,INF→REQ→INF→PRS→INF,1.791759469228055,0.125,0,0.14285714285714285,0.14285714285714285,0.8571428571428571,0.25,0.625,0
239_1919_孙毓修,239,1919,孙毓修,2,C,先请后叙型,INF→PRS→REQ→INF→REQ→INF,1.9459101490553132,0.1111111111111111,0,0.23529411764705882,0.5882352941176471,0.4117647058823529,0.05555555555555555,0.8333333333333334,0
240_1919_孙毓修,240,1919,孙毓修,1,B,论议收束型,INF→PRS→INF→NEG→PRS→INF→PRS→REQ→PRS→DSP→INF,2.4849066497880004,0.0625,0,0.6,0.6,0.4,0.25,0.5625,0.0625
244_1920_孙毓修,244,1920,孙毓修,3,B,论议收束型,INF→PRS→INF→DSP→PRS→REQ→INF→REQ→PRS→REQ,2.3978952727983707,0.23076923076923078,0,0.6666666666666666,1,0,0.23076923076923078,0.46153846153846156,0.07692307692307693
245_1920_孙毓修,245,1920,孙毓修,2,B,论议收束型,INF→DSP→INF→DSP→INF→REQ→PRS→INF→REQ→INF,2.3978952727983707,0.1111111111111111,0,0.47058823529411764,0.9411764705882353,0.058823529411764705,0.16666666666666666,0.6111111111111112,0.1111111111111111
246_1920_孙毓修,246,1920,孙毓修,2,C,先请后叙型,INF→PRS→INF→DSP→REQ→INF→PRS→INF→REQ→INF→PRS→INF,2.5649493574615367,0.07142857142857142,0,0.4444444444444444,0.6666666666666666,0.3333333333333333,0.10714285714285714,0.7857142857142857,0.03571428571428571
247_1920_孙毓修,247,1920,孙毓修,2,D,连环请托型,INF→REQ→INF,1.3862943611198906,0.4,1,0.5,0.75,0.25,0,0.6,0
248_1920_孙毓修,248,1920,孙毓修,2,A,先叙后请型,INF→REQ→INF→REQ→INF,1.791759469228055,0.3333333333333333,0,0.4,0.8,0.2,0,0.6666666666666666,0
251_1922_杨树达,251,1922,杨树达,2,D,连环请托型,PRS→INF→PRS→INF→DSP→REQ→INF,2.0794415416798357,0.1111111111111111,1,0.5882352941176471,0.6470588235294118,0.35294117647058826,0.1111111111111111,0.7222222222222222,0.05555555555555555
252_1922_赵恒惕,252,1922,赵恒惕,1,A,先叙后请型,INF→PRS→INF→PRS→INF→PRS→INF→REQ,2.1972245773362196,0.045454545454545456,0,1,1,0,0.13636363636363635,0.8181818181818182,0
253_1922_赵恒惕,253,1922,赵恒惕,1,A,先叙后请型,INF→PRS→INF→PRS→REQ→PRS→INF,2.0794415416798357,0.05555555555555555,0,0.8235294117647058,0.8235294117647058,0.17647058823529413,0.16666666666666666,0.7777777777777778,0
254_0_杨树达,254,,杨树达,2,C,先请后叙型,INF→DSP→INF→PRS→INF→REQ→PRS→INF→DSP→INF→PRS,2.4849066497880004,0.1,1,0.42105263157894735,0.47368421052631576,0.5263157894736842,0.15,0.65,0.1
257_0_杨树达,257,,杨树达,1,A,先叙后请型,PRS→INF→REQ→INF,1.6094379124341003,0.16666666666666666,0,0.8,0.8,0.2,0.16666666666666666,0.6666666666666666,0
258_0_杨树达,258,,杨树达,1,A,先叙后请型,PRS→INF→REQ,1.3862943611198906,0.2,0,1,1,0,0.2,0.6,0
265_1916_水野梅晓,265,1916,水野梅晓,1,B,论议收束型,INF→DSP→INF→PRS→INF→PRS→REQ→INF,2.1972245773362196,0.07142857142857142,0,0.9230769230769231,0.9230769230769231,0.07692307692307693,0.42857142857142855,0.42857142857142855,0.07142857142857142
266_1916_水野梅晓,266,1916,水野梅晓,2,A,先叙后请型,REQ→DSP→INF→PRS→INF→REQ→INF,2.0794415416798357,0.15384615384615385,0,0,0.9166666666666666,0.08333333333333333,0.07692307692307693,0.6923076923076923,0.07692307692307693
269_0_陈夔,269,,陈夔,1,A,先叙后请型,INF→REQ→INF,1.3862943611198906,0.2,0,0.75,0.75,0.25,0,0.8,0
270_0_孙毓修,270,,孙毓修,2,A,先叙后请型,INF→REQ→PRS→INF→REQ→INF,1.9459101490553132,0.18181818181818182,0,0.2,0.9,0.1,0.09090909090909091,0.7272727272727273,0
272_1915_北京政事堂_财政部_参政院_肃政厅,272,1915,北京政事堂、财政部、参政院、肃政厅,1,A,先叙后请型,INF→PRS→INF→REQ→INF,1.791759469228055,0.06666666666666667,0,0.9285714285714286,0.9285714285714286,0.07142857142857142,0.06666666666666667,0.8666666666666667,0
273_1915_北京筹安会杨皙子_孙少侯,273,1915,北京筹安会杨皙子、孙少侯,1,A,先叙后请型,INF→REQ→INF,1.3862943611198906,0.2,0,0.75,0.75,0.25,0,0.8,0
274_1923_大总统_国务院_内务部_参众两院_江苏同乡会,274,1923,大总统、国务院、内务部、参众两院、江苏同乡会,1,A,先叙后请型,INF→PRS→INF→REQ,1.6094379124341003,0.125,0,1,1,0,0.125,0.75,0
278_1924_章太炎,278,1924,章太炎,1,A,先叙后请型,INF→DSP→INF→PRS→INF→REQ→PRS→INF→PRS→INF,2.3978952727983707,0.05555555555555555,0,0.6470588235294118,0.6470588235294118,0.35294117647058826,0.16666666666666666,0.7222222222222222,0.05555555555555555
280_1924_省议会,280,1924,省议会,1,A,先叙后请型,INF→REQ,1.0986122886681096,0.125,0,1,1,0,0,0.875,0
282_0_孙毓修,282,,孙毓修,1,A,先叙后请型,INF→DSP→INF→REQ,1.6094379124341003,0.14285714285714285,0,1,1,0,0,0.7142857142857143,0.14285714285714285
283_0_孙毓修,283,,孙毓修,1,C,先请后叙型,INF→PRS→INF→REQ→INF→PRS→INF,2.0794415416798357,0.07692307692307693,0,0.3333333333333333,0.3333333333333333,0.6666666666666666,0.15384615384615385,0.7692307692307693,0
285_1920_商衍鎏,285,1920,商衍鎏,2,A,先叙后请型,INF→REQ→INF→REQ,1.6094379124341003,0.3333333333333333,0,0.6,1,0,0,0.6666666666666666,0
286_0_刘仲鲁,286,,刘仲鲁,3,D,连环请托型,REQ→PRS→INF→REQ,1.6094379124341003,0.5,0.5,0,1,0,0.16666666666666666,0.3333333333333333,0
288_1905_冯锡仁,288,1905,冯锡仁,1,A,先叙后请型,INF→REQ→INF,1.3862943611198906,0.14285714285714285,0,0.8333333333333334,0.8333333333333334,0.16666666666666666,0,0.8571428571428571,0
289_1905_冯锡仁,289,1905,冯锡仁,1,C,先请后叙型,INF→REQ→DSP→INF,1.6094379124341003,0.2,0,0.5,0.5,0.5,0,0.6,0.2
290_1906_冯锡仁,290,1906,冯锡仁,1,C,先请后叙型,PRS→REQ→PRS→INF,1.6094379124341003,0.1,0,0.5555555555555556,0.5555555555555556,0.4444444444444444,0.8,0.1,0
293_1908_陶翁,293,1908,陶翁,2,A,先叙后请型,INF→REQ→INF→REQ→INF,1.791759469228055,0.16666666666666666,0,0.7272727272727273,0.9090909090909091,0.09090909090909091,0,0.8333333333333334,0
294_1898_石醉六,294,1898,石醉六,1,C,先请后叙型,INF→PRS→INF→REQ→INF→DSP→INF,2.0794415416798357,0.14285714285714285,0,0.5,0.5,0.5,0.14285714285714285,0.5714285714285714,0.14285714285714285
295_1898_石醉六,295,1898,石醉六,1,A,先叙后请型,INF→PRS→INF→DSP→INF→REQ→INF,2.0794415416798357,0.1111111111111111,0,0.875,0.875,0.125,0.2222222222222222,0.5555555555555556,0.1111111111111111
297_1925_叶恭绰,297,1925,叶恭绰,1,C,先请后叙型,INF→REQ→INF→PRS→INF→PRS→INF→PRS,2.1972245773362196,0.07692307692307693,0,0.08333333333333333,0.08333333333333333,0.9166666666666666,0.3076923076923077,0.6153846153846154,0
300_1908_孙毓修,300,1908,孙毓修,1,C,先请后叙型,INF→REQ→INF→PRS→INF,1.791759469228055,0.1111111111111111,0,0.375,0.375,0.625,0.1111111111111111,0.7777777777777778,0
301_0_孙毓修,301,,孙毓修,1,A,先叙后请型,PRS→INF→PRS→INF→REQ→INF,1.9459101490553132,0.14285714285714285,0,0.6666666666666666,0.6666666666666666,0.3333333333333333,0.2857142857142857,0.5714285714285714,0
304_0_孙毓修,304,,孙毓修,1,C,先请后叙型,INF→REQ→INF→PRS→INF,1.791759469228055,0.1111111111111111,0,0.375,0.375,0.625,0.1111111111111111,0.7777777777777778,0
