书信ID,收信人,年份,路径类型,事务签名,时期
001_1923_易培基,易培基,1923,连环请托型,书籍,1919以后
002_1923_易培基,易培基,1923,连环请托型,社交,1919以后
005_1925_易培基,易培基,1925,连环请托型,社交,1919以后
006_1925_易培基,易培基,1925,连环请托型,学术＋书籍,1919以后
009_1925_易培基,易培基,1925,论议收束型,社交,1919以后
010_1925_易培基,易培基,1925,先请后叙型,书籍,1919以后
013_1925_易培基,易培基,1925,先叙后请型,书籍,1919以后
016_1926_易培基,易培基,1926,先叙后请型,社交,1919以后
017_0_瞿良士,瞿良士,,论议收束型,书籍,年代不详
019_0_白岩龙平,白岩龙平,,论议收束型,书籍＋社交,年代不详
022_0_后藤朝太郎,后藤朝太郎,,论议收束型,学术＋书籍,年代不详
025_0_舒贻上,舒贻上,,先请后叙型,学术＋书籍,年代不详
026_0_舒贻上,舒贻上,,论议收束型,学术,年代不详
029_0_皮锡瑞,皮锡瑞,,先请后叙型,学术＋社交,年代不详
031_0_段伯猷,段伯猷,,先请后叙型,政治,年代不详
032_0_罗大令,罗敬则,,论议收束型,社交,年代不详
034_1911_松崎鹤雄,松崎鹤雄,1911,先请后叙型,政治＋社交,1911以前
035_1911_松崎鹤雄,松崎鹤雄,1911,先请后叙型,书籍,1911以前
037_1911_松崎鹤雄,松崎鹤雄,1911,论议收束型,社交,1911以前
039_1912_松崎鹤雄,松崎鹤雄,1912,论议收束型,书籍＋政治＋社交,1912—1918
040_0_松崎鹤雄,松崎鹤雄,,论议收束型,书籍＋政治＋社交,年代不详
042_1912_松崎鹤雄,松崎鹤雄,1912,先请后叙型,社交,1912—1918
044_1912_松崎鹤雄,松崎鹤雄,1912,论议收束型,社交,1912—1918
045_1912_松崎鹤雄,松崎鹤雄,1912,先请后叙型,政治＋社交,1912—1918
046_1913_松崎鹤雄,松崎鹤雄,1913,先叙后请型,书籍＋家族,1912—1918
047_1913_松崎鹤雄,松崎鹤雄,1913,先叙后请型,书籍＋家族,1912—1918
049_1913_松崎鹤雄,松崎鹤雄,1913,先请后叙型,学术,1912—1918
050_1913_松崎鹤雄,松崎鹤雄,1913,论议收束型,学术,1912—1918
052_1913_松崎鹤雄,松崎鹤雄,1913,先叙后请型,学术＋书籍,1912—1918
054_1914_松崎鹤雄,松崎鹤雄,1914,论议收束型,社交,1912—1918
055_0_松崎鹤雄,松崎鹤雄,,先叙后请型,社交,年代不详
056_0_松崎鹤雄,松崎鹤雄,,先请后叙型,社交,年代不详
060_0_松崎鹤雄,松崎鹤雄,,先叙后请型,书籍,年代不详
065_1914_松崎鹤雄,松崎鹤雄,1914,先请后叙型,书籍＋社交,1912—1918
067_0_松崎鹤雄,松崎鹤雄,,先叙后请型,学术＋社交,年代不详
068_0_松崎鹤雄,松崎鹤雄,,先叙后请型,社交,年代不详
070_0_松崎鹤雄,松崎鹤雄,,连环请托型,社交,年代不详
073_1916_松崎鹤雄,松崎鹤雄,1916,论议收束型,社交,1912—1918
075_1916_松崎鹤雄,松崎鹤雄,1916,论议收束型,学术＋书籍＋政治＋社交,1912—1918
076_1916_松崎鹤雄,松崎鹤雄,1916,先叙后请型,政治＋社交,1912—1918
077_1916_松崎鹤雄,松崎鹤雄,1916,论议收束型,书籍＋社交,1912—1918
078_1916_松崎鹤雄,松崎鹤雄,1916,先请后叙型,政治＋社交,1912—1918
079_1916_松崎鹤雄,松崎鹤雄,1916,先叙后请型,书籍＋政治＋社交,1912—1918
081_1916_松崎鹤雄,松崎鹤雄,1916,论议收束型,社交,1912—1918
088_1917_松崎鹤雄,松崎鹤雄,1917,先请后叙型,书籍,1912—1918
091_1917_松崎鹤雄,松崎鹤雄,1917,先叙后请型,学术＋政治＋社交,1912—1918
092_1917_松崎鹤雄,松崎鹤雄,1917,先请后叙型,社交,1912—1918
094_1917_松崎鹤雄,松崎鹤雄,1917,先请后叙型,政治,1912—1918
095_1917_松崎鹤雄,松崎鹤雄,1917,先叙后请型,政治,1912—1918
096_1917_松崎鹤雄,松崎鹤雄,1917,先叙后请型,书籍＋社交,1912—1918
097_1917_松崎鹤雄,松崎鹤雄,1917,先叙后请型,书籍＋社交,1912—1918
098_1917_松崎鹤雄,松崎鹤雄,1917,先请后叙型,学术＋家族＋社交,1912—1918
099_1917_松崎鹤雄,松崎鹤雄,1917,论议收束型,书籍＋政治＋社交,1912—1918
100_1917_松崎鹤雄,松崎鹤雄,1917,先叙后请型,学术＋政治,1912—1918
101_1917_松崎鹤雄,松崎鹤雄,1917,连环请托型,书籍＋家族＋政治＋社交,1912—1918
103_1918_松崎鹤雄,松崎鹤雄,1918,先请后叙型,政治,1912—1918
105_1918_松崎鹤雄,松崎鹤雄,1918,论议收束型,书籍＋家族＋社交,1912—1918
106_0_松崎鹤雄,松崎鹤雄,,论议收束型,家族＋社交,年代不详
107_1918_松崎鹤雄,松崎鹤雄,1918,先叙后请型,学术,1912—1918
108_1918_松崎鹤雄,松崎鹤雄,1918,先叙后请型,学术,1912—1918
109_1918_松崎鹤雄,松崎鹤雄,1918,论议收束型,学术＋书籍＋家族＋社交,1912—1918
113_1919_松崎鹤雄,松崎鹤雄,1919,先请后叙型,书籍,1919以后
120_1920_松崎鹤雄,松崎鹤雄,1920,连环请托型,书籍＋社交,1919以后
121_1920_松崎鹤雄,松崎鹤雄,1920,先叙后请型,书籍＋社交,1919以后
122_1920_松崎鹤雄,松崎鹤雄,1920,先请后叙型,学术＋政治,1919以后
124_1920_松崎鹤雄,松崎鹤雄,1920,先请后叙型,书籍＋社交,1919以后
126_1920_松崎鹤雄,松崎鹤雄,1920,先叙后请型,书籍＋社交,1919以后
127_1920_松崎鹤雄,松崎鹤雄,1920,论议收束型,书籍＋社交,1919以后
128_1920_松崎鹤雄,松崎鹤雄,1920,先请后叙型,学术＋书籍,1919以后
130_0_石醉六,石醉六,,先请后叙型,学术＋书籍,年代不详
131_0_刘先端、黄郁文,刘先端、黄郁文,,论议收束型,学术,年代不详
132_0_皮锡瑞,皮鹿门,,论议收束型,学术＋政治,年代不详
135_0_俞恪士,俞恪士,,先叙后请型,学术＋政治,年代不详
136_1906_缪荃孙,缪荃孙,1906,论议收束型,书籍＋社交,1911以前
137_1907_缪荃孙,缪荃孙,1907,先叙后请型,书籍＋社交,1911以前
138_1907_缪荃孙,缪荃孙,1907,先叙后请型,书籍＋社交,1911以前
139_1907_缪荃孙,缪荃孙,1907,连环请托型,书籍＋社交,1911以前
140_1907_缪荃孙,缪荃孙,1907,连环请托型,书籍＋社交,1911以前
141_1908_缪荃孙,缪荃孙,1908,论议收束型,学术＋书籍＋社交,1911以前
143_1908_缪荃孙,缪荃孙,1908,先叙后请型,书籍＋社交,1911以前
144_1908_缪荃孙,缪荃孙,1908,先叙后请型,政治＋社交,1911以前
145_1909_缪荃孙,缪荃孙,1909,论议收束型,书籍＋社交,1911以前
146_1909_缪荃孙,缪荃孙,1909,先请后叙型,书籍＋社交,1911以前
147_1909_缪荃孙,缪荃孙,1909,先叙后请型,书籍＋社交,1911以前
148_0_缪荃孙,缪荃孙,,论议收束型,书籍＋政治＋社交,年代不详
149_1910_缪荃孙,缪荃孙,1910,论议收束型,书籍＋社交,1911以前
150_1910_缪荃孙,缪荃孙,1910,先叙后请型,书籍＋社交,1911以前
151_0_缪荃孙,缪荃孙,,连环请托型,书籍＋社交,年代不详
152_1911_缪荃孙,缪荃孙,1911,先叙后请型,书籍＋社交,1911以前
153_1911_缪荃孙,缪荃孙,1911,先叙后请型,书籍＋社交,1911以前
154_1911_缪荃孙,缪荃孙,1911,论议收束型,书籍＋家族,1911以前
156_0_缪荃孙,缪荃孙,,论议收束型,书籍＋家族,年代不详
157_0_缪荃孙,缪荃孙,,先叙后请型,书籍＋社交,年代不详
158_0_缪荃孙,缪荃孙,,先叙后请型,书籍,年代不详
159_0_缪荃孙,缪荃孙,,论议收束型,书籍＋社交,年代不详
160_0_缪荃孙,缪荃孙,,连环请托型,书籍＋家族＋社交,年代不详
161_0_缪荃孙,缪荃孙,,先叙后请型,书籍＋社交,年代不详
162_1913_缪荃孙,缪荃孙,1913,先请后叙型,书籍＋社交,1912—1918
167_1913_缪荃孙,缪荃孙,1913,先叙后请型,书籍＋家族,1912—1918
168_0_缪荃孙,缪荃孙,,先叙后请型,学术＋书籍＋家族＋社交,年代不详
172_1914_缪荃孙,缪荃孙,1914,先叙后请型,书籍＋社交,1912—1918
173_1914_缪荃孙,缪荃孙,1914,先叙后请型,书籍＋社交,1912—1918
175_0_缪荃孙,缪荃孙,,论议收束型,书籍＋社交,年代不详
176_1916_缪荃孙,缪荃孙,1916,连环请托型,书籍,1912—1918
178_1916_缪荃孙,缪荃孙,1916,先请后叙型,书籍＋政治＋社交,1912—1918
179_1917_缪荃孙,缪荃孙,1917,先叙后请型,书籍,1912—1918
180_1917_缪荃孙,缪荃孙,1917,论议收束型,书籍＋政治＋社交,1912—1918
182_1917_缪荃孙,缪荃孙,1917,论议收束型,学术＋社交,1912—1918
187_1919_夏敬观,夏敬观,1919,先叙后请型,书籍＋社交,1919以后
188_1919_夏敬观,夏敬观,1919,先叙后请型,学术＋书籍＋社交,1919以后
189_1919_夏敬观,夏敬观,1919,论议收束型,学术＋书籍＋社交,1919以后
190_1919_夏敬观,夏敬观,1919,先请后叙型,书籍＋社交,1919以后
191_1919_夏敬观,夏敬观,1919,论议收束型,书籍＋社交,1919以后
194_1919_夏敬观,夏敬观,1919,论议收束型,学术＋书籍,1919以后
195_1919_夏敬观,夏敬观,1919,先请后叙型,书籍＋社交,1919以后
196_1919_夏敬观,夏敬观,1919,论议收束型,学术＋书籍,1919以后
197_1919_夏敬观,夏敬观,1919,论议收束型,学术＋书籍,1919以后
198_1919_夏敬观,夏敬观,1919,论议收束型,书籍＋社交,1919以后
199_1919_夏敬观,夏敬观,1919,先叙后请型,书籍＋社交,1919以后
200_1903_吴庆坻,吴庆坻,1903,论议收束型,书籍＋社交,1911以前
201_1904_吴庆坻,吴庆坻,1904,论议收束型,学术＋社交,1911以前
203_1906_吴庆坻,吴庆坻,1906,论议收束型,学术＋社交,1911以前
207_1908_吴庆坻,吴庆坻,1908,论议收束型,社交,1911以前
209_1908_吴庆坻,吴庆坻,1908,先请后叙型,书籍,1911以前
211_1917_刘承干,刘承干,1917,先叙后请型,书籍＋家族,1912—1918
212_1917_刘承干,刘承干,1917,先请后叙型,未标注,1912—1918
218_1919_刘承干,刘承干,1919,连环请托型,社交,1919以后
219_1896_叶昌炽,叶昌炽,1896,先叙后请型,书籍＋社交,1911以前
220_1896_叶昌炽,叶昌炽,1896,连环请托型,书籍＋社交,1911以前
221_1897_叶昌炽,叶昌炽,1897,论议收束型,社交,1911以前
223_0_叶昌炽,叶昌炽,,先叙后请型,书籍,年代不详
224_1919_瞿启甲,瞿启甲,1919,先叙后请型,书籍＋社交,1919以后
225_1919_瞿启甲,瞿启甲,1919,先请后叙型,书籍＋社交,1919以后
226_1921_瞿启甲,瞿启甲,1921,论议收束型,书籍＋社交,1919以后
227_0_钱康荣,钱康荣,,连环请托型,书籍,年代不详
228_1894_钱康荣,钱康荣,1894,先请后叙型,政治＋社交,1911以前
229_1897_熊希龄,熊希龄,1897,论议收束型,学术＋政治＋社交,1911以前
230_1912_俞廉三,俞廉三,1912,连环请托型,书籍＋政治,1912—1918
233_1920_严家炽,严家炽,1920,论议收束型,政治＋社交,1919以后
235_1922_劭章,劭章,1922,先叙后请型,书籍＋家族,1919以后
236_1924_曹献廷,曹献廷,1924,先叙后请型,政治＋社交,1919以后
238_0_孙毓修,孙毓修,,先请后叙型,书籍＋社交,年代不详
239_1919_孙毓修,孙毓修,1919,先请后叙型,书籍＋社交,1919以后
240_1919_孙毓修,孙毓修,1919,论议收束型,书籍,1919以后
244_1920_孙毓修,孙毓修,1920,论议收束型,书籍＋家族＋社交,1919以后
245_1920_孙毓修,孙毓修,1920,论议收束型,书籍＋社交,1919以后
246_1920_孙毓修,孙毓修,1920,先请后叙型,书籍＋家族＋社交,1919以后
247_1920_孙毓修,孙毓修,1920,连环请托型,学术＋书籍＋社交,1919以后
248_1920_孙毓修,孙毓修,1920,先叙后请型,书籍＋社交,1919以后
251_1922_杨树达,杨树达,1922,连环请托型,学术＋政治,1919以后
252_1922_赵恒惕,赵恒惕,1922,先叙后请型,政治＋社交,1919以后
253_1922_赵恒惕,赵恒惕,1922,先叙后请型,政治＋社交,1919以后
254_0_杨树达,杨树达,,先请后叙型,学术,年代不详
257_0_杨树达,杨树达,,先叙后请型,社交,年代不详
258_0_杨树达,杨树达,,先叙后请型,社交,年代不详
265_1916_水野梅晓,水野梅晓,1916,论议收束型,社交,1912—1918
266_1916_水野梅晓,水野梅晓,1916,先叙后请型,情感＋书籍＋社交,1912—1918
269_0_陈夔,陈夔,,先叙后请型,政治＋社交,年代不详
270_0_孙毓修,孙毓修,,先叙后请型,学术＋书籍＋社交,年代不详
272_1915_北京政事堂_财政部_参政院_肃政厅,北京政事堂、财政部、参政院、肃政厅,1915,先叙后请型,政治＋社交,1912—1918
273_1915_北京筹安会杨皙子_孙少侯,北京筹安会杨皙子、孙少侯,1915,先叙后请型,政治＋社交,1912—1918
274_1923_大总统_国务院_内务部_参众两院_江苏同乡会,大总统、国务院、内务部、参众两院、江苏同乡会,1923,先叙后请型,政治＋社交,1919以后
278_1924_章太炎,章太炎,1924,先叙后请型,学术＋书籍,1919以后
280_1924_省议会,省议会,1924,先叙后请型,政治＋社交,1919以后
282_0_孙毓修,孙毓修,,先叙后请型,书籍＋社交,年代不详
283_0_孙毓修,孙毓修,,先请后叙型,学术＋书籍＋社交,年代不详
285_1920_商衍鎏,商衍鎏,1920,先叙后请型,书籍＋社交,1919以后
286_0_刘仲鲁,刘仲鲁,,连环请托型,政治＋社交,年代不详
288_1905_冯锡仁,冯锡仁,1905,先叙后请型,书籍＋社交,1911以前
289_1905_冯锡仁,冯锡仁,1905,先请后叙型,政治＋社交,1911以前
290_1906_冯锡仁,冯锡仁,1906,先请后叙型,政治＋社交,1911以前
293_1908_陶翁,陶翁,1908,先叙后请型,书籍＋社交,1911以前
294_1898_石醉六,石醉六,1898,先请后叙型,学术＋书籍,1911以前
295_1898_石醉六,石醉六,1898,先叙后请型,学术＋社交,1911以前
297_1925_叶恭绰,叶恭绰,1925,先请后叙型,家族＋社交,1919以后
300_1908_孙毓修,孙毓修,1908,先请后叙型,书籍＋社交,1911以前
301_0_孙毓修,孙毓修,,先叙后请型,书籍＋社交,年代不详
304_0_孙毓修,孙毓修,,先请后叙型,学术＋书籍,年代不详
